{
    "loss": 0.5389403104782104,
    "accuracy": 0.931034505367279
}